Genre Name,Avg Emotional Tone,Avg Box Office
Animation,69.78132072635207912344,298875388.71839080
Comedy,70.16713487184845894784,85729488.395173453997
Drama,62.96544795071204070760,48321602.513443191674
Biography,64.54047432912257997071,43787088.813455657492
